-- phpMyAdmin SQL Dump
-- version 5.2.0
-- https://www.phpmyadmin.net/
--
-- Servidor: 127.0.0.1
-- Tiempo de generación: 11-09-2022 a las 08:12:30
-- Versión del servidor: 10.4.24-MariaDB
-- Versión de PHP: 8.1.6

SET SQL_MODE = "NO_AUTO_VALUE_ON_ZERO";
START TRANSACTION;
SET time_zone = "+00:00";


/*!40101 SET @OLD_CHARACTER_SET_CLIENT=@@CHARACTER_SET_CLIENT */;
/*!40101 SET @OLD_CHARACTER_SET_RESULTS=@@CHARACTER_SET_RESULTS */;
/*!40101 SET @OLD_COLLATION_CONNECTION=@@COLLATION_CONNECTION */;
/*!40101 SET NAMES utf8mb4 */;

--
-- Base de datos: `dbpolicia`
--
CREATE DATABASE IF NOT EXISTS `dbpolicia` DEFAULT CHARACTER SET utf8mb4 COLLATE utf8mb4_general_ci;
USE `dbpolicia`;

-- --------------------------------------------------------

--
-- Estructura de tabla para la tabla `enfermedad`
--
-- Creación: 16-08-2022 a las 11:52:21
--

CREATE TABLE `enfermedad` (
  `enfermedad_id` int(11) NOT NULL,
  `policia_id` int(11) NOT NULL,
  `fecha` datetime NOT NULL,
  `certificado` mediumblob NOT NULL
) ENGINE=InnoDB DEFAULT CHARSET=utf8mb4;

--
-- Volcado de datos para la tabla `enfermedad`
--

INSERT INTO `enfermedad` (`enfermedad_id`, `policia_id`, `fecha`, `certificado`) VALUES
(1, 33, '2022-08-16 08:52:31', 0xffd8ffe000104a46494600010100000100010000ffdb00430006040506050406060506070706080a100a0a09090a140e0f0c1017141818171416161a1d251f1a1b231c1616202c20232627292a29191f2d302d283025282928ffdb0043010707070a080a130a0a13281a161a2828282828282828282828282828282828282828282828282828282828282828282828282828282828282828282828282828ffc2001108014000f003012200021101031101ffc4001b00000105010100000000000000000000000001020304050607ffc4001a010002030101000000000000000000000003040001020506ffda000c03010002100310000001f2a02a39d1ba6d5244adda89d30db8ae4520d94b3d93523f075ee50e822fb746dccbebdcd21979fd6ccddcb1419a197555912165011eba0d74963d05a05e5542ac918ea248ab26194d8c8e9d767348fa40b97fa4a9cf73d7a7cb7b6f00f0391bd7acec9cbd9b0c29733a9c6d519e954b357751d3b95cfcf47ab7418abdba9b59a0686aa855aaa2cbb1a19da40e857d6a8d0bfb5d160755cd35dcfd0ca02ba761964e0e3f23b8c4c37c3dfa9b5d2dd59ebb31a82a3dac0636ccc22f157b9436ac40844840ba50755a03e5bdf5ed618d1b199aeaf5eef63c5745ce60a1a7ce4077267e70afa5e7ecd2a2e24efee1a0f313ee449d735c8efe4f5b1521b913c9d6ab2b6978e37b3601152f0f7c772b6c63d3246d854cb16ba0828a4ecfa936d26e68676f67053cd6a3f0f32f74184456d56a57075631d9cc3a2655b947d4f126a17aa52d4611147158e41c6a297959612ae596b58addd7d5b017e5b74b7976f4fa4e67a9e5ee3e6fa1cabdc721bb83568f3b7f6a64aedf2dd6e52f2c9a9e9385973e8a3aaf3d0de445dc08ef5655c8526897da003b009247c7630c25ca728da9fa6e6baf4ddd6bf4b57937836f77077bb17b99e95c4e4e7ba0e47bfc5ab71713b7c4ddb79bb1496041a18cc3495ba7e6827c26dbafcfe9be969c0beaac723405447bb1b65a8a4c30b62b1935cebf8df49e7bb9b47267cb5a4fc7b364ebb97e8387f45e3faec0d6e63b3c4e951f40a0bf6a5d20e78ad191852636e713d62cce350d2842cc79972aa2dc55e48d63bdcd0659025c98124c976f6e2979cd65dae7b4b6ce9e54f4dd4bade0f46efa0f292e3c9d0b01cdd3d0cdd2da9a18b2e656836f18b31bb5a9ce8b5468743cfe5dcfaee6723a602035223573a96481f93ba291d2a4b545d3775f4dbb9b3251b5d6e5c3dc66ee1f8fe7f5fa2963191ad23da059a7a11656c4a1bb9bb72af47b5c3af27e5b6b070fb5af4e6b8c015d0a866e47c2e9b7ab5ac8e56ab1b1ca3acde66d1a733495daab1e85d85ac2ccc2db5b1cdfa149c8a6971861f4499399b3ee65c135eb3b2743394e911bd891da0a96900c5b95b21a9aaa3397491d87b116be3e8c1c96746fc427e2bb3e3262939c98eaeef51c6f6aef1391ca9eabbd39ade7df94ba7916ec182c1793d12396115a23da9ea35412dbdf13cf991b346ce45960d4b3232dbe0ece59286bcf58e52ff6c367ca2d6be40fa9175dc5fa8994e1f716c157e6a9fa0e31f5cb6cece666f8a19221da447c398344e7eda02ba74b1586732230354b14970d88f7727a0790ea30f57133caa3ae946cfbdc175b4aa45d872fba3acaa7b19ec541756a6f577136b8450b4d11a876dcd117d2001b0091ce638d4b24521f3359a6f7473dcad71e5fb2c1afbd8e4d9af77695162721272fae89d7722e1bfd958e6768fcceaf0f33985ecacad47b2a803d2020ac02a0048e544dd39514f44d14ece6ddb834bb08d1abbd50357fb3c3e096535309cdbeb2365857248c1316082f6ad105608a3b402a00480120048aad5d53acd5bfd1c5c968f61d7e76de053e617548845fb4a31476e89cd05808bdab553160862c02a00480120048a81200b216eb5ae90f6b635784ed715956cd7aeac4889c92aa2b7168a82f63403601988066c024009002400900245076e8e839eeb5b57acf3ff60f2aeaf33262d0cccf59a8a9cf2888a3b44117b001d8095002400900240090024016400b8fb74a7687d2edf02afa16b3a48d5782355f6019b11531100c58048b7e85acef5ead651304431c42cc71324fffc4002b1000020201030304010501010100000000020301040005111210132114202231302324324041150643ffda0008010100010502e919bf55cf864fc80b6e9fe928e04bcc71c9c8d8f3d39ed3be4479ac311203be38a37864ee53e736f1ef8cdb36c18db207c718c8c5a6a429f4caac3fe073339be06d39cc8db6444ab8fc66b473077e8af8f2828db3ef27263e3fe7b87a7d60cf99888540c40a8399ea15192762fa165aae9d2b3841117115cb951da8820c3392c8f334e3829f3cc83c6373fddb27ce1ff1f744e466d91195486c572e431a32a0ac26c582bd6ff7cda9538d1bb54d36fb525659b76b783614446217f382debcf8299f259b7998c8fb64fe00c00e5903f246581139d29722ba7a877828575c3ac6a0d3cb15db669da09206a8bb51e267628aa1cb04764b277cfae9f5d24bcfbe3a5567133f0607b10077334df0d7a6ba91588da4375210ab8ddec0f66cb5835b24b76b2a92b298129ee691aca7799f1d263a4fe189e8b2e511c32ac48e69ab264dd59d2ab5dddca946174e94ea672375a2facef197150a6f0f1e988e195ab57abab55015cc647d11614ef193ed8e9b741c1fb56e500cd8b4c3fdc12df1a62ec797ba2d575eeb25ceca281daa032d3468aeba6e926c9a096736da4e67e9c148fcc877898e93ecdb03f910f81e818b0e5815e45131b6267d3881b6d31f41bdd9a2c1c60962a0a4ac5285575100e9b64e0abaeb1d6cd42c88be6789fdc9edb99c8e196fd27dbc7cce07df0df36c51856afcca6531ea1500843295c86da0dffea33d439d06611492be179965ac78900d41ede5cb04b06ec72c1991fd48267db3cafde27b614ef21f5139c3964ce257c8eb970630aa7aed2d9cd6b12de67c2552d65abb3388087c22a76cad58ee9b34f61aac25a89064ec510c82fe6ff025e3f084ed93907d111c1499e27fb5975272574a55c73f4c57a6a0b8f68a5552bb6b2c7637b3541513ac39b28b70c8ff0096d863aab6b80c723b1112d7c444c46f92331ee0c98c0cfac8fb28ca6b184c5bf5152bcf2ceed763751f4f5cb4eb3b69ec6f625ae7dc2685cc8455ae12740212151d372e1d8cd38f73249d527f8864ee433e5f9b66db7b2323ce7fb13be6d8111b23e472b22a27554344594d053bd97d5aeba586ca2fb5a85d964e8a450fb4d3b96935528c5574d35fa9a4d3bb5a6b118d8b3a64048cb5331311b4c46f91e30a779dbac751db37c809932bb288f52730565931ca0f34ef813ad13dda78c76aa6ccb76ee3956b498ddcb9e58a9806393027aa46d13a95823baa862bb796152053f10ff26388f488cdb23a79c4ff0023884d288f25192b98c129896b453a484f9d28e218e9edd8410ddaf5df35c9001632be94610f54d9b04d873734ae70bdcb8b4f9e3cb61e71853bfb63a6d9a457efdcd6db3ebc2419803f21f9673d8aea7d5d289e25a57cadde1fdde8ec053fbd49455050db377579064faabd96f856af4ea9b5d7614e12dd66b8c69722f6c7b3ff0036431735d212b63fcc19c70e7727449c69568ebdad793dbb946cfa6685daac92953920dadb52a4436ec7a453c3570102f40c975a556aa87945ad5c37b76a78e4fb87d8b321916914f2d8b9c4e2cf24a3238c957656b43a88805a5ef8b8608aeeb765ea0f916d698c60cc6144f25831ccafa77626e377614ef33f86237e827319bef01b62e7e5b669da78c1bbb0a7ea14261a9d3cc0595aec655d34d85bc0e76e0a6c24532928f56e2aca98631c77a7757e08e913b7b23eebc60edbb58580b96157aaf28701aabfa7b0329af3630e4f8292c798e9312cada502dee62e6d94709bbe17f823ac64fd862d4726702bc88838b042bc5bf663359ed13f547d9cada8b508d2cd7d8b56fd0b26eb09d61caed774f20b7c9f945d9fd5c9fc519319183f45b4654599bfd22521ca1cd319195cec4844d875086d73bae96bf7c5ff00211de03c33c08b0b91c66d93f8232326770db105be69f5a1c40bf4abb73cb4d4ec187e4807726fc734eb3ea2abe38ba307067c7ff474ed5fd9b7b23a4c647dcc60960e48e56095696d216aeb4c12df4daa1dbe4bdbb865f2d087f45b5996aea7461d9b45c2d889121fe772b76f4de9393e3df1f5b792e8bfb2c63bd327d3f69465312c259659d30d2a88fdc1fd68e9f4f52d6a2a4cd37317016bb90d1aae24802f353744d1c8e93ee18f33839f7d1613335ab7a827284aa54e6ac5c496566f3be9795aa9bed3a3d09737545b25635a2be3064183b359f651faa1ac2b88fe08c89c2f191f43f6203386ddf3456443aebd0f95c9a1ab56da8c476a8d5644691474fde5faaf6dd69e3b1aa2562ca3186cb9c4400f1b1528aed582b0dfc6391f4059395e6544d5aefd6af63b12f8808d506029545856a3a8ea24fc8fbd36d012d94eca0e0e4f1140143a86a255e5cd3697e489cdf37c579c8c53ceb3f9d3bf156a4a4a2b8a55abdcef1748cad75e8c5eb258cd659c5cd371fe788c4e2f2e812da31e747ac6f6ea72a62ee54001e9be47f46323a571de076e16c39e9c9ac561b6ad2e829ce36b3a7f9fd38fb8c51ef111b8fa509ab6f505a0185265fd78c8fa516d3a5d7da2fde976179fed0ce69957d43b56b385fc3fb31f703bca4629d0999226fd7f93fd88cd2d5dcb7ad0f1abfe9cef33ec9feb6865116adad76116d729612785799fed24e466bea4d06bb52a8416ec15867e48af3b4565e1d4926c2a38315c31a0a1cb00213ef8f64fe4efb387a96e7aa6e77cf098459dc2e645273fffc4003111000202010303030204050500000000000102000311041221102231134151303220236171051442a1b191c1d1e1f0ffda0008010301013f018098566d674db290cbc18bb7389732eee621cc5ab20cd1d618c65c76ac7761da61108eabe605cf329dc3c41fac64cfdd1765a48f712b51c882a2abdb3455ecee32c2036e970cb66388fd3304a08f0653b6b96f0a488aaa412bc46565e6b5c622a07ef89ee2576fccb486398cb2d381c75104a89334fdfc4bc761558be7989a757ee71cca5056368963ad47cf99bcb0dd8c4bf0b8cc2f9fb631dc798de7a28cc1e62295951db3d418c988ce188c63020df8f683506db70bc01e66c0bdd2db7d2e58f32fd66fe332862bef37e7a8314f310e7cca97e65bec651c3b7b4bae15a644b8d742617ccd47f14dbf68c996ea751bbd46e7f48d7565bb4f311bb8081b8cc07ad632312a3b78952e659b41ee896adb92a0cd6762fa6dc9976b7d3ed03ba397b9b0c71fb43b7fa09cc4c30f488c1329b09e5bcc0415e2547dba6d950c457db296c8ccac8209f7953ec1ccd5ebdecbac2b103596383e66dfcb6a94774085f3813712ca7e26aaa1581657c63fbcaddc1940e33d54679e9579c0f89530f3359ac3f68880d767a6def1b7d369b00c8c4b185a49c181f676ae4898db8e38fd2397bbbfe269dbd45047bc031d3311a37312fd91b54c66a2dcf12ed4231c2fb41aaac54398cd5d9f760cf53078e254f91b8462f6a9c702691309f8376216cc10b63ccb3bbba2ab6ced89a5b1c65d62d58b00b2574161d92b5b5872604d928184107527a1968c8ccbb52bcd6be6683732b313cc3e399aedfe9e7da54a154625a258b923a0ea7ab1c189dc77b7b9ff00c20b5b4cd95f07fe60bd6d53b0cd7e3d2d9f31edbf68f61fdcc4d5be76b89ebb596a851efd0753d19b6cd5b3ad65c445ed207eff00f62395b063e7fdcca6c5a4d8cff32d6b090f60e4f895d84f3e61e79ff13448d659bd7ed9898ea7a30ccb0f1b66c340dac329fe25607de0e42cd16933f9d6f997d22e5da65946a3e01fd7c1946859d835e2000703f1b4b5b995dc3d3eef695259aa25fed595a951827307d269a97148dd347a12ddd7ff00a40313107d2732a3fcd5c6c3e17c44f1f575ac56962268c85cd62210de3eab0c88fa0a9d8378fda22851b44c7e14dbfd50d9491e261b30033fffc4002a11000202010402010402020300000000000001021103041221312241101320325130610514237181ffda0008010201013f01f8b384c9533fdb4c872890f238b49999d220efc8497dacb33bae4cb3d90722126fc65d18f2ce0b91e6e51badf26a1eef14417144442fb325d5a27e68cedecda5be5c48c93fc998f2c978d139255649372e04223f6b322a3511edb211dd164652efd8adcad929b5e3fa2595a34b19a8548d82542fb192dd93ae8cb957e0c92508ee45b1aa8a6f8b1cb8dc68b412ccf7cba31e976ae89af44a1457cb19965b570495b1c92e0e5f4287d4e11a4ff18f24b764e4c5852542a7c2667493e071b270af9648d4baa1b7ec947934d87dfb343a0dcfa1e3d92d887c16ab6a544a0b20e2d332a1fc328d64b6b48fa3088b0a7f89a0d246114d9f836461be2d47b3265c71e247a4c83e4c90f48c9dd12fb26ef3d3278ff468b4d5e5223d707e6887fe9b31cf2797909cfa94690a16ec9feccb2e7e5a11f4ec8e134f878b38fc05c3b16485798a718bf0544e76ad106e5fd1a897a44f1f36c7f144209724d2db6461d346ff0046fdb216e9cb9aa35129e38da31639e4568ff5e728dd9f4d99694ccd6df1f38e17cb231461adb6c8e471e910c6f75cbb32cbf66154eccaaa245574416e44a3b236c49395b33d2e1128b5f18d8d7046d18f1fec5fb666ff00a146b944b37fc6cdd976dc7830ea24b89a33e7dfc2e8c72dc6696c564e77dfc634a86c84777088cdc53890bd94c9106a29925272524639d0e57cb32664912cb4b82591bf9c6c8f2616911a4b70fc787d13c8a2d7b27e3d98a5b78639fb2792adb764e4fb6376bec8ca84cd2abb6cc4bc2d9b7779336f96e665e4cd70e8964b4931cd1395fdca546864ba2ea1c938ce1d8e4df27d46669b90f81bfe0d0c3da304774b73e919b9932593ca89bf65fb1bbfe04acd264707468f26e86df6669a5db25fd1bae2393fe1462f26466a8d473e4472d7c36be5dfa14722f65c2bfb2528b3ffc4003b10000201020306040405020407000000000102000311122131041322415161103032424052718114202391a13362244372b1256382b2c1d1e1ffda0008010100063f02f233f1bdb2fc9c473e7315221c7639f85a5fa469c3a781f81d9e8d65b54a8b7c622a61e1e6dd630f1b9fd84c5603fd31198f1ff3e0d69846a7f35fcbcc424cb4d9b2f6859f87ac0916ccc0f4b8a8b7a4cb09c42e445a94d4a8697e72ec7c18984f3fcc3cb6a0e2d53dad0a988d53d3cbeb0861fa6baf697a638ef989b8ac717fe2143f507acb61bb748c18f0299fc4208ca76847568665a7e4ca5bc9cba78dd4e70d46ff002864256df00028bc3b563fd21a407651c1f48aef615d731682bd3feaa64612dcfc2e44a801f6ca7fbc3de65f932f2842c343e18c7de0a7ed71988fbb371718e0a02c8a97352d306ccb2d5e837d56382381e3f003887ede186e0df3ca31a82c30994cfd7c2de7f799880832ab06e202c232facd4f53748c808df1caff003082ad45e3331222d87a84a7597ae701c8dcc1847137f1147cc61f653f99a2541fac7417d25374508cc3303e0ce1f72476189595aff69c54e99fb5a5103279fee26d1487a4ae353119b445c51acb7ee794deb59dc0e7a4a14cdf3cf2855690dcd2d1898589966bb7d2103cacbf2db12ef4f2841c8c47f7094ab51f4fa5d61028a3af5d0cfe9b0fa1bc02a8b3f23f34c007158adbeb137b500e4654fd3dd2e82fce53d971f173c2202abbd76cae794dcad953a0eb0df4bc257f780f3b4ede4dbc32f0c97156ff0069898f1758b508e306df594d6baef2b13e9e91e82a05549519ef65d216b9b7fab49677565f94e716adb3b657985400bcb31295326eabc44eb731ef7467d19fd44c34d18900e67e69eafdfc30729ded33f32f78276948778e733540bcafb46141d2c21a9598ae2e5cccb2f0af48aa3d3d63d3a59534162614618aeb88768cf49cb14f674300a42ef6ccaf3fa4b96543caf3f507dfc2fa1f051d65bcaca69e18bacdedaf866d2c6990ea2cdde56340b2e7ee98aad61c5db398b36e978d5dfd447088e8ab7a84e2fb446b233dad727202317a5805b8fa3471428aaf712eec4cdc6d62e9d7a4e06183934c64ab27698b9433bf9a8a34c31aad4cc26787acac6b2601da32d01bba7ef6e768b7a0cd7c812d2e063a9c979086b54b9bb47ab50824e694e1b6839721308c787b1806d19d42338085c51ab28cd7db2d7b53f9636cee7f4dc4b54197598c6865fc2fe5a16e62564098d427a7a9986aa5b3f4a42b8b003993030c7518690fcd5341137f585f50a794cce27d3b4a94514253079439b15517b426d6e569fe28f1372e937f88b83d2617a5841e70106ea7431061c4ec75ed1a8d416332d3c2c7c73f228f3b2da353a07889e379c4ed7facc388b2f4334b4a9b436882176378f5ce65469171e77319699e11cad2a3b66c257af5063c3958c408d7a15791e51b92e3b09469a66a06516cf8147258bb4af319ccf29dbac76f285e6f3fcd71c3dbc717582f0ff7f83533ee11b0e584c6deff005506b312e7d446dc66b53d49d253de1164b99869e5453563182ff4a921f0a9bdfe8db9c2120468abf73e55353a461ed4e1b4bde67a0843421b4948ecef7083496314df94ab6f9a30af9230b4c34e9e31d623eccfbb7073079c64a4ba739840b21e93714cdddbd46259312df39f8502cea2e259bef19da13e50beb1f0f87512e25c6b12e7809b198d7d2f9cc7871425b6700981b65a14d986aa614af4372dda2d6438a8fcd19b3aad79877565ed3dd4e0a7b2b5c9e715c9c462db9cc03efe5dd4d8cce0961af8e1d6251da81671a18eb4859669378b885b9ce30953ea21a694414e604c48acaa791e5339602f798290bb4de6d4c05b3b47ac74f6c24f9f9780a95bec223a5f2c8cde0bb62e903254a7f799612bd1671b8458d4b66ba85d5bacb56acf000f89653cf9caafb3e55c0b4bd462625b91b7c0e4794071b5feb0e7797150afd749fe29548e4eb01a2c701e60caf505ee992c5a9493162c8896a9645ef32da0198eb555c2b31afa4e50da531f53e75a652c0f140c9d7380401352614a4b880e6661c9476868ea0cfd3e79fd654c014e3d04c7538bb4a752864c4e72f7f0bcb741e791388652d4f8af1aa6d1fa8545fb42557031f97499c130ab2afd63d26d3504476fc83bccf9427cfb18c6a0e15e5de50d9d727aa6ee65671ee3310f5780971ace3f50c8c75e60fe56f3f3994bafaed8a2ed4a7d28653d9ea7a6a538cf87814da768a2127998e7a99577432beb2eec5be91f77498a421858f85dfd77f81a7896f4ad632bee9b16cf512e3b4d8186bffd82811c4d7fda3d42743e9ed07610418f5d614d9d6e7f88769da9f0df410d6a8053a5cafa99bc2b51ddb4039cb50a6a2a736d70fde003dcd91ebe667e39465d308b88b4ea9b1712a6c75f98380cd90735a9866d5509c9328cd53dd7b7d203ced16ad51c3cbbc5a54720dab7496d9e8ef2afceda098eb1df55ef92898aa96da1be55d0426b55a7494fb50e67ef3768f4e9d1f955ae4c52cc00d1298e9e6e538a615185611d44dcd6e03caf168ed7c54efc153a42bcafbc136ca9cd9ad0b7404415b69c85bd315767f42ea7ac476a95151bdca7298c3d6acbfdaf2c0047ff00982f3f4d2954a7fd93f5f6265eeb31e018bda0eb0bbf9e6d038d467312faf91e90d1da45e96854fb652ae86ea9ff006c28bef7ca015adc399bc294f869ff00bf87e1f69f472331ec6d75ec67fc4365ff00ac09bda4ec06b606e0cb2522a4f3698aa35cfc0da0c1982331062c9fbe46615ab8a89d55841bce2c1e83da6ee99e01fcfe4e07cba19fa9494cc34915662a86e7e04f8027356171198cde5427760e97d605a95702fd759bca1556a27f23e20c36e936663a8ca054f48d4c14e9e6d6c842ced727e248d04441ab444a9a2cdd6c807d612c6e7e2ff13574f6ff00ee30436a63f9f8cbb7a06b3f0f4f41ea87e32fced7859b9c03e2e9f4d65be373e92d195b59bc7cb17a47c5def6b73819c961d25cae33c8113137d874f3571b2ae2d01bca29ab31b93fdb2c9840d6df288dee62d8560b91f6896c59f5e9170df317f88c37cb4d20e2d05b49eae56d04198cb4ca0bdb2ed311ccf712ec739fffc40029100100020201040103040301000000000001001121314110516171208191a140b1c1d130e1f0f1ffda0008010100013f21e8a885b712ba6b3c4661f081c445c25a3fd50dc240798918b355f922c89fd4fa6e0e423da580447c4ac724d28b30630e27a99ca659b331db2be62613299172db3d2a689b6ad2d31681c8e112c218bc4b570b999ca40fa9128d52830801146615b3ba892bff008fc06099732ba14cfed0325f48fc0ea4b8101bea2f7b40c30ac344a4065e0946bfc1617ae42e6766b27ed29c67ccc4bf0b888021ae2e320bb6a59e454cc586775bfeba5c16f108ac0945e660a82bed7c8954ca6903880e801ef78837f0e61b0dafda2abd6d1d099d8da774e194d14c12fd925e3901d78150084a0c0f115bdf6c92f3791994176e6e9e65e8384f0847357333f11061ea7518b72fd65784d6e662d9b2aa2b2dcd4039737799b2c051c4efacd30fa614edb17937ea03396840452aa7139899d4b72ce6e56c84c04b3e99627bb02edbf085792267302850ca95416db7e7bc31d187919f6882ec835110d2312552404cf927172df82930675195fa6bdf93bc1d68ed592a513b26581a0123b102c6acb34bdd460a0dee30b1b51ee25ccae0df79426f8945d6e29be3dc398ff82ec32ea625ff00785dda3e2288671ee1912f7d979814e18685ea3969ce2a389db0d099835a4c9b270bb40f1199c9886658506b89c3217f0430eaf96a0823b9c9f64ecfc8e220b78606dc4ad28c4adcf438f8e8f4c8c40b608aa6b0dca6a281c45cc6d2abbc08d0e5b79474ae9c977e23d466a1d59c4a251eddf26093e889d85279658372e2f698a12a7541011f4445c0b60249731a8f66de12bb243bcd655ca2c710a97bf816d6fb43746165d02ae0adcce6546196fb08af1dc798d73498efea36174e10405e260b21b357b34fa4bca73e51e1ee38c0fd10e3f68464b54f3bd42ca97a2eecb48c4f078212aed0a04c4f4781f288238f2cebf988006efe89986d0cd54035313dccbdc0ea6e504c56774d1710ef69736c1b5a72ea1cd859f09ff06ec948c0f0811658a833f58ae2365e350a475cb65fbe657dfd0254de73c95de5f41603235870c4beeabb4db8d065730d955bab7e265d78c5ca6a5be60c2f4d22c967511b6f8e845aea45c1c9338152cdea620cc560144d675c1198f665f38c30705cc4b6e76288bcf5302ffec4df58c74ff5342a787f3de02156cac433eb4430bbe73797da36df7bd7b3c4aa5c015abf845dc3652bf4df0c8cb04b5ed00d7b113878cc2f3797999ba35f3af4ea2a0546d46d2ddc01677fb952860699b2ea2f47b4220e95bafb4e6ee45bb7d2195bdc5543e7d44f1a3b44172b21012c855ec4cbe2f829ef9974598294ebde0bb760e70e183cacf290a4c067488868a08180b7965faaccda7c85bd219a9548ec3f980f1867e511887747409cbe230468b56d46dd824a858002b0be6e9472b755028e9171e5f333f9e2e206c475e08c53603b4b27383339428d772e31582dfbccaaa805d32f872a3ba505ecbed11e3160b6ba4b8274468cfc6290b2c4483084ff00ce497da45f61052dd684b086bac13bfac72bb3b10bf592add43d545e9135a82353c1b57e23d289dd3498a7692f1d2d06e14069e3b3de3e588545ef16566faaa76af80ecf295e8363de5ab2d201cb495d5fed2a2875353a8b3b3aef0d40b730d3328b3147fa1868b23667b10a0eccaa0e5b852c80a9ff00a610616ebedff91f5a5fa402c21438954c4ab03518adb410d52e63b214f331fd192ebb7699d362f51f744f295c08c1512ae61cda48ef0fe6dea3bf3885ade59ee1e8c04f30a472d96af32af0270c50f0443c1661869a316bb115cc2d3df12f533926a9516aa4fbcc18ce0f24c460e3b938c955d95dc998a38399441fefb6023ac7be22649f553e1702e01c0f69668899b80b72ff0054475a97fa10c317a88ef6f6fd20c38207d1fee601e68ee1aae0179e652ca97588ea5d3f888619ce6b12829364aed02fda164d9671ee72726750b4dcaf300df64421b67453cc58d2b28a3fdc2b36bd1a9a8e988832e01c3120d2ac8b9f8c239eac04372c875528d46fa35bf750d01bdc4ab763552bb09c92e3b4fcc376282ea1d6e1a7b948f062ae64becb43735b48398ee16e10fd1dbf6c55f45ab75145a857fcb9dc55bbcc115c1b922645736ca90aa8be20fdcd3e462a20d91b352db80981a4753232bcca319be65acc54073dd99027115f1675e2601974e200a2c546cc2954470af130941ce688cd62dca2de0debf925a8b3eee2421690d353e9517f31ac4db1cbb711dc5af407c4d4352e65789ea189de722a10ade49802995f2ce6f29fec8ed43815822ca177caa2cf2e6ad1b56dc32a873217337d45516a9830b32de20c24f3143400cbd60138e79899faf2ea1f1890caf90626445ed1e31199a215c39955b160c997a8cb907d1f68b0a4b72c20d04828a5a04b2e2e310f72fe5332eddb159a548c8cf6b5adcc0cb38b8d9d6ba1dc65877ef8846f4b9ecaf41f9ef99eba3e859209030cc22797898a06809ca23a975b10bbd4535c0b373969e23133bc8b140059394bd90ec3772da57ed9956fd2f5899b337b1712f6b3e2532372f1d91d555f2e254272949998b11514eccc4caf98e3186f80eec54d9c8ff0898a86a95f67441951655bbff625e7d4e198a66f347a995fa9554c4cbf8c94cda11bdac18ea3f037d2fa1e65106c99665ce6e1973c0aec61f4163ba3894c3ea7171165c2a352ea202b98ea68f3c91aaa2d67f32c8d92739b5c7a7782d5ed2fb797119788b8e968fc224c17d2a332ac308dc535fbe6691b3cdcbd9183d9653658fbc555f3dfcfa9a6d30c42159b63edb64c0b386155b6dac04714dcd6a180468b33517796ec815d0aad019b8a454cb5dbc7c0a17e37894c584295a9ccb95399c31bc12e36c18e25de0866ca9ad1114b095881709714fba520bc879c4567cac2aba45a13fbb3d8ff003055535e3f5169b7fceffa9e28247fa12eb745d43e793ea5d4264360e7a6918ede97d49ca9e19a8295871c6e73049f744632f790b05665e61a8611c0f7a9dd74bef3435d3d7fc4ab74a456a92ab3b31e25400b8bff00312ddee78b2a193c5bed8fc9dfd26373d1d7b9946c1d27a1832bd2721de23b9e8b2e2fc8094cc98462e13210edf0ccad5fc1cc72ef17bdc6eb4ec79ee4b315b779ee78e5f2778ba24fe72f6e93dca234e0bb7761d2aca234ec450c1c7e689e0e86c8f3e597ee830bfecb13d4b93dff0047d20c760b45afbc6c37a3b1d1f99d2e739836518596a83619a31f8a7b1d9968a8ec7e8f1395f57797f53382d9e56dcc0987603b9905f93da2a86af9ece25f52e4fea84055eafdea5ed7221e092ffa62b63f2f57fc5823ac0b176677733ba623c73474caf303bbf2730833929f989b4ca36cf2f5fc4e54797bbaa498d6fae27ec85a826178cdd470d7e5e8c3fc06be06ea55333c677ba8af5037781c0425a19cc9df8ad021889ee9e823d0af739f83fe13e0da5c4c1c3cc198b45571768d83cabd1928a869d9f2c5cdde457bf461972e5cb97fe7866262c0c44b82dae62efe663823c747aef1622655e7a592c8b1fd1ed29ef2cbcc0d68317822c93008565eaf47adfe89b4cc11cffd26712b81fb4c7c98e8b4cbeaf4bfd1cc01b622c2b6796239956cc3eaa3ca6f0e8f4e3f47b4a23cadf48b4f9ab9aad4b1664d753a2e5fe8b89a6112b6b0bef01eed6498771a7b9de543a9577bcf4995d1fd290684b2394a31aa5303a8f31dbd61a0d0ed1c31b61d6a3f2b1aa6ee14fa0c5874b5f748d6d6399c1de712b047b6d897385afe535adcdbff00020a79037f1aeaf04ba9c66189b741eb7f3502c451a5d76bdc0ca0d16b75dae67ba2b6db59e71994e016ba1c4183469845130bd863d631ffda000c030100020003000000105f9b284d2d2d822c2980af23d24b8a32a7ef89299d9fcc850c371259780c4fcc2371665b13459423c405e5381498b61fcde3ca0763aa71e557c5a59ea9e94eed8865f002754ed2a0fd9703b6047a11083984f233a4d90fbb439e33148fb40374f40250764d19332816e0e7243aa4242bafec9a5872222e11e70ad7ef73e30dc003d1765f52f5f9b2fbf016e60d05a8d857567c60402a3e7ec188ebddd3ef0ee7b8973bc4a1f55834fbc9e04d661fa3752208cfbcf3effb5c013a44f51cfbcf3c73aff7829c26769f3cf3cf3ce5c7cc2187a29bcf3cf3cf18145a59f33f3c391965ffc400271101000201030206030101000000000000010011213141516171108191a1b1f0c1d1e12030ffda0008010301013f10269a2dc02301b2149b97ee206d924bd8d25e87ca24378e90cc0edb65daca3c02300b34c8b00b8b0a342fd22b29a1787774f697c37ee75fdc1a9a44cab22075dd22d5ac0904713559e0525af10ac52d26b2fc33db7f6980a3af6ace3960e046594b49866897f7b4614692ad32c097188d442a780b82f49818caada6c235350579cf78ab692fa680451a438ece499ae5b0d6ff0051392e4698c9af2bc4021e4fbfc946dc7818e1e16e03126452011de0342d76e61b80b035df1a24ac2a9362eff3fa9d7b83ce74d637af79b3e0e5eb03565f6f5c7489619129122cad97797c10d2336942a016a19a0d5263b9acd4ca28186f069bc478b63bfdd65a1ad9caf32e2d6f537f9ce92f902ebb83a730327697f1084c05d3c12a173a18b198f6b8cbb84a6f430e0f981b84c15679aff70441ab81ebd8e099da26fb1a5d7db8daa8cae1db760162f62ad24b451317c9b8f27ac3572ad35b9cf87983a3c32689a1602b4cccb77d21802056b531700d1e51976c14f4cc6f51003d7cfac0c263155831e823f307bcd1538bc1e6f12bd16a383b77961d4de50d6f0862264853accf607bae01b1552b2b51a3d96465f0a0315ccca1b160fe30c636a0f3ece8d19f89557546e86fd798120a463e669b1398428f0cc8a1515b0c45865c54b994ccd5dd7bf06fe92e9b35bf3d7fb07b49b565fdc4d580db2b5db497f94ab828f4add57b4226ba79106108704652d70cb68456d199e33030b9bb0afcfacc00a441e7efee20418bcfe0cfba4d020e327ebf72d05e3489eabd7c43e12c68c1e8219caf6e8abe41ef2f69b57431c7173290f43ea3cfe20d68a220d914fcc30012eeb06fc0419870c7a2015294a76470f756935376a9d90a794cb46bf1fd8694d28f4259b4e803e9f114ad862cce7aeddf38857700bbd7efcf68e21b81e0b881045b06aa4d25da738155a6e6fd4e2221a803d663014140ddad8f69431d06b41b273bf596c85ef467cf361d008b5301c853c9a0f4beb0c5e1e42d7dfcdf285a1fe0652ccb92312d14f91358b85b17c5ee0f66f9d65aa6daa1c5fe669f38771e4862b1763eecc2d4e5b5ef50da28257f848c550c641d95642f67f3357a698cd1c7cdcf3ba4cb5812a07faab863f7e472f13245e6f85b9cc01478057fc80333a0bbbb9fbd26e4081e07fc7503a62e9bbc9d9af8de11d3884acc0ff91d092b8d8ec8487047c078a174ed2acb3b071de64a38bfbf8f7874b67fffc400281101000202000406030101010000000000010011213141516171108191a1b1f020c1d1e130f1ffda0008010201013f1088422ec45908a282bbf133af496b08289c4063f4659b6a6c1060f8e91a6253384dccb31b130378e392e17354c31d437c62429994fb1345a8a8a8a757854650a36c32b0ba8f0a06f3c37d78fccc0b5fdafa115ad935fcf28c68594358c67c9868a22a80bcf8be0426c9190589a98a3ff9e50829ab6befb42ae7fad98f7810b28cce26d19c60f5de61bc8b2c193c069e0b52f110c6ce83dffc8a68b7887dd4b119e3db7d177b8d9763f3fb8ac6d9193d7f918a9edd738feb3fdbe7af483c74c2a22652c78541885e13bfa1266b1f7cb32cc63cb3dbd20586d1d8991f6e70e3d0fb98381af29402461176a2b95e0e9b8173339de017993c8899a36eaafdd3ed4b907d72254d7df68ada0ad637182adb75d7a41fc89fbee4317166ebe630a96b98394ba8ee2995d6db2500acbc651f14db8c10c606bd2a080c0afaf5962b4f2f2e5d19420e02bd2f5e714456be394bae18d916713716b11e930ee8fac730e22abca528706bf644490bc1cb9c09767517fa189686860e59e2ff0065d587a0cf9b1b85abae6bcde92b37cb2a71206255a421311dba2ad33c2b83de5f2b136110f5fecbdd07babde64888ddd3aee0df088d06de059952a148371b0733043b82a180b6f923b030d09cb79f894080e0f1f4830fdb9978631a9743150d205b8f02800f481bd92d087b4cf7f68839de7ed4ef28e8858efa758443588cce834411a00ee1b755e186a2369604973700bd56e3b693bc05f10afb4c44b2e381cebfb1f420e2cbdc1e99cfc778a69a1b88eb84240e60e4bc33acc404466e956321b97adae6be13f646555eff006c6d705fda9a3ce06f3fd896515edf3c43b4a1651d11f6c57a5c635afbf6e24988f16acc22b61ea39878c4414af8398c1abc3dfeb286c65f6887811144fe98d993844446922f8d0a9c383c8a08221b6126a568d738af6660a2f014ce2208a25bf811a33ded656cf27584566eeb81fecc838c09a621511bcbb317f223abba0f687bf3884728961a94948255465998fccc758af9ae254683987d43662a8421860e73ff00048cadaba82e67d2623497a9945a5ca94789750a59697113ebeb0040ed3fffc4002910010002020103030403010101000000000100112131415161718191f010a1b1c1d1e1f1203040ffda0008010100013f108352da134c62e44ab732db591859cf3a0f58a558958470c168fb41373651232409d6632d3cca21820f9ae52beb31bfcca696580f91d7d933825b62246d6cdb51186c9c8d212fb1afbadb5eb4b0cc96381df5de2aa8764610a7423d479962ad665abfe2e5592aa22d115b4c98cc02937a80545dc69cde7a18b8c79a2b9a4a4516afb643a459fd22ee985343344044398bb4b67345dd44d756d057bb88f1930ca060badbd6e5f0d86b0e8ae92bf500b56eaa5701403a1bdc46c3957496dfce222364ddccc73a20073afbc5777a31182ab38fda1006f03bc1f5d7d0434dca3c4dc388d0609f699585d07971da207002757ac407b7193729e166c5e5e580fd1650539e7a66348d5722acdbf24c4a8ce5d3e32cb6015dabda3cca17cd2e4250f20bc44d2d57e6e5f9132e3c82f70ee66851d4f8ea50e8b730ecb32e3f59cfbcaf06ef89c430dc6ad40a29aedfe4bc898b412f3f534c08cacdcb19d438778133db18d53cac1fca5714af77f7a9711a6bc21f08d2480bc0597db2cbb7ca8c0d3e59627e79cbafd81f48b4a91f43a07b54ca60f20b1f357ed04b2ec1e406eef80bcfc306f40ddf69961a01a5da36167294f041432ddaaefa7f9050d541e5037d770d631a5abc79e9f3c0aa1c9cbe60395a573da6c9a23602d5556774cb6c7929c7f90b98d997a8c17afae1b9771edf42abdf8229159a8673d3cfced1b28d1a4fd43af0d7664862b61bd36ecaaaaff207e1752d173d3fb84272266c1c7da5865ed645e876fdc6a34bbaa577c23fa4c21ae07a3fb8c8118b34e7de6cad4871e9ef29928df1b8ce3b658eab7f8f9b855b81acd8561ef89484129771ff0020a846bea737bdfe6022caeaff00dfd6610b0efdbb4b4586c1dde3f3eb896b2a95e096567511515798b8ff008b487300e72ab5a62e09638bc71af9fb8611b898bcb8f333e43083b26a4f8367f556c70c2675473e96437900654747b6e29150c8570a780f461e37610a46b43b531fd9e8a40eb5d261bd73d5d9f78bd1e54bcbfa8c147a07307a72d80787e665524aad63a2f4e42fb47880d1d8f8fb4a514d546949472b7ed041551851a7a74f9e90c26366e8720f478f8c22a1b68740f8fcd673795829ff0093302a5d6a1d30bc4b8c4532535e478e66508ba538f4bfd416556775ca58b2b33997f614f98da2e6d922c3be59c82b4832add729dc204a2dd85b4a3a6094c8931eca37ad7b7b007e7cbe1bfb45ac6838e3541d332bb942dc9af5b3332d737ce6bf3b4044200d4721797d26d69e0379c329dae05063bb6293a7794c8b5a2bbbfc4cc2bcb8e77148a0f7ce657817d0d4a55a99cffc02c066f4c41bf31b0f1e235047b05b8e85d95bb99b034aaeca1bcfcb9701a6a716618e35d8f91d99f105a5906562c3b39f48932ad762bec3ed2918120526cf0b135803513813e7e25aab22ca86df9da557bee445afbccbc2db17753dbf11a5fd3ab37f70120dcc4ab0afbc127cb40b954eec271676e80cfb510503c0e434e390f6857f9e14870bc57aca046100be0e3e662a028ebf3b928d2351583ff1472b850008dddf882ad5d6f9f9500eb7518a053363029cfa4c71b4428dbd618200dab8267977e2ba841a9608d6df3e5c39a75c32bfe07de39b1b140f2e77cd4d217010739adb9788200d5883f92609b5561ea78962ae25cd08f4300c9065502aba96c8ddb3665b518339fea29efad96ada2f1e210a715073552dc1ce1ee879e6702e80a559cf1a570e5355324d2aab2131790374ddae3ba5198c3ce1779ef51f03955f5d62fe7bc16ec9d2be3281caf7ccc15c2f5f3ccb6fea6c9acc027257adf5f3011b56db83986aad034c10aff8ff00635862cc7720dee9cb69c77e7a45b73a934db267a62ffc8ed8e506bb8f731d2e539fb939dc2bcb98b9c377d10d74cca9b6be352b1da2c2a5d070597888fce1b078d87c32aa2629aad8a1734f78ed7b10b89b2e3c91b8281b3e4c1869ea905387340cb468631f794777e2f72bb0c57bc76ebdedef4e6bdfaf681556d4da1a57aecf5ae22ca56e5edbdc7a29b0931afde6120080bdf4c938405cc50bf9732c99a941eff5c251051a8350ec2552b5267ac26e17034ef8f438f971340a0eeaf6e7f32d3a42179aacbd183554e637586a96eeebe54ac0abd4c6812c83f2bcc183be0ed1d792034b7976fc749430b425b1e0e3ca59499c73bd56d4188976510ac1d58dfe3aed8a022f700f4416db817d2330e322e340ec1087a116b9d7740d9c8db265deb6628e917baa38bc579b8bab9d88d1c99bcf6beb0ab832af3118b4f0cf4824ef2cee374c289aaa703c40a2d9b950b516dcc7e9cfd297cce034ddf466f6875f786aa1bc6b9f3be7e6262e1687ad5bfd66047015ec306f1d58800ba1bbcfd9cb033332944b5eeaf1d3bc2f6e8b3e986b87ee324ce8c5e7442345e3493f960ded09356b30558a38b82e138580e2d7072ee28b56eb160ba6fce38332fc45510e956720a70861b6b52c1f0155b4a178dd79fccb9e4a958cae3a71d6192395b218beb00d15c5d74ae7c4619d15d2bd3da0c362dbabf09a7c28f1bafc7b67bcc88025ebfbe650902c6ea5e6b5f87510b9b67351fa02d93a8454e4e750019aeebf3ac01142eac7bfcdce63e56b83faf59d2c038e407ed0632af6b5eadb8dfe218458183395c1cd540e20d018eb5f78b74705fa53f51069d12f0801aba96ee6086417801b53ca19c5d4115941692e9ade8736f483f77134becd57a10eac731cba5425a354d93bb7897e51a1bbad6b8892a353a586bf0c768ab5856a8b13ed1d678e01bd9f3886b562a7278ed98e4729f686317778aeb0d8c05438bfee5bd887ee2bd5175f666a27d1a36352e6f78805c1318b64ac36fb75627c500573fd8fde3a7c285e4c8c4bac21359e45fe627630f96743ed509d8bc21add63e10677bfb455ef46bd3d4218260b04595b515071b6b98dcb7864a0bcf45e6b3b388a358adb36dabcdb6fb4bcd06c878bf99860a94b0479ef285e7e3ea139c7da60615d74eac2517a10cd0bcd99233a7d2735bfdcc8f818aa0dad0fe61c42d681b0fae259c11c8707ac11132f07a79dc7a30855d96d89784c32e6aee2336a603a13f023b895330dc5de254c606bac35914743cc5e4a2f8bd4742cac069cbf9e9fcdcd7807f8262f517a47232fe66199e896eeb7bafea6db00b4f3f87ced04b0ab181b5e387c8c5f8358a25e159a3b7cbdd83d59d9a0efbd4bdda7576ee0c65a92854b1b816b95b82c596bf527b4f335930e52f1a2d9e56fe2518677b71ddbe90b42d52074f18d40f92257435570ea52a6bb463b9ed2c28f32a98a1029cd1fdc148e4b3cbced77f3546886fea1f3f5155948c07c201ef3137a7110bb6c86215c07332fbc216170c8a1561d5fdceaab1c65573dff009e235f0d68c7c605547418d1cf6d7e65a3620ba6bae33f7d448953a4c972f60f96c34f0bba994062fa53afa416e4a1844fe91bc0a834d5cf5986c96b14ed180a81e0e35dc5ca0b52d5ad7183b1f88e50a9842aa97563e3a67366971305dde31e6270a14dbc1c5c5311b09757c130762c336d6afa7da03c0ea3e2b7036b6968afb78d758f655068bfa18f21c4b6e8b973d20d94c61ba218cbc7d6ccabed30e851812cb8f8fcc6da1c8993f9dfe7cc2741574f0dde7f88b2c8c6d845fee213a6ce4b0b115baab3a99aceabc4f36c605dfe089d0aa4c223afb42ae9ea1f1f3998dc96bb94587376adaf2f179f8ca59c9645beaee0135378d94ae5c7880c12d40dbb468b68b94bbcbbeac6225541edb8ed041f05c38697a4a54556975f6d5798f791859ba43f50c150282f7dfda5ab7950f11fab0b4d8c1741eb034081d080994979c2ebcb4ff71204a0c708d1eff372e204a35fbe6a2ea2c1d76f1ec778f574c37e07efd78ef13560e52fcab5c6f6edbd412224a90e2dbf3b882a1d8381fe7bb30102db4de2e3010a884b6b7eb0586e3b1e2bbee690668d6f351858d25d28a7b972f8455e0f9ed0eef14a0d79cb51ddacd0b7ae6e001a6c0f266b9fe250ea2ae51e25232257eabf694ca0f615d2fbc74cb95f41bb8ad7e93a6c456d983727314c4dac3dc3d6256c57b67cf24a603d7b63eded072468a1873b5ef5edd73004c0046b6a52e8e9947b3ca4dfd0df37c69e7aff000782d04615e7a7cef158027669b5e9d7bbd251ccc1b69f5b8bac26ab352e1b366f84082ba52f71056420d29d9d983986a7a3745e48209538c5ed898226036fa7ce25c16ace01336eb83da08be42172ef702b71539640fdc488bb560b1fa0fd06a31a50cc6987da29c378e21d870b9686c56ef14c07056ddcc415d8b0ef8ff7c7da0d01a33be6f18aa3bee51ac3bace391df3ef156aa86faafc25b6371f257586492500b9c37c7b3fca6f906b97aff90869d1c59decbbfbc12a970056b5cc2ba502efa3d9d705c548b50c0f8b7e5c6a5d525538ed5009a28d71e7de5bac97cb9fdd4bc4d1205a5039f31c9b6aea1d6a3a9abb75315fb89d711c6554798c37f42ee804cf333747f7fd4610506adbed0c1d768a9ba8d9075499d563f539c1c2a0b4dbf6f9925a94c4776332eaf719f0f44c75a8376c39530b58f3779984299c8b9c987d752d5356811b45f48a5f012a09457db38cc4e602dda175bea6a5422f40fa2ca3fa89f4a19abcd3e2322bd55d1c62f4e20f991726e9435c972f04055a78fc4eee50f6255915116eea73f4fcce63673156ca8a706a5e6606e35eced38267af6f9f786050bb755f2bed192c22c6410d66b1ba5ff2319b213c4e2c0015dd7eb32f3eef0c585621b7d5a0aa5777f1d61e0aaa68a179a8e634f5217bfaf68f7912102ddddf39f5951bceda038c7db3312d65a35c87dc813eae256f64a6e5a40d53d88c4515a0abaa94eeab7bd5bf98b6cc8c4b8b8e581f4183ed0070dc6959c4030e9d251b6074c5437548c7548aa1ab31fcc159b50589e2f7fef7873e54d7ec1fe6586d6dc1d03967199554235074a76f8cbc8bbd3d7e7a4042978c3528e0e8d8bd363151cac28721fc4565562b741c7f30610dd7578fbc60570a71512e51869f15284e0a13da384325d44272962bd12a1de64d415f4b83986f019e0d4553d58372a6c034ab8ae47e10ee2b705970a11acf9ff263fcb56b8439d7499ad0d43321f18f47ac3bf74270d4f9de2322e8c58badf9f3e92e3648d5f5bf6fb42c21a65c566a1dcc50a610e6574b34dad63d4291c7b52be4571304ab9185a8293189671c378db33e0d736ee199ae0399b5c290426e66e62b707787eac16fde582f52a24c3150b8da30ff004fee64e517ae98951be6ea134dba44d8f1125c580e8c9f882a86d9c982bc8dc5c2c06296cdfdbf12ec43aedad02af673dfc4680c16b7439f38edfa8fd61a9d77cfafbdf31386541766622120051baff62c10b36df2bf8dcd0468203daf2c64075ccfb3a4a597a2a7e6e1bd4c1b2e952e3d2deea8d2f7821b9769882c389400f78eff00c13415068069bd5f1fc4d52af5ba94f4970e7479cf47b1eb10d5b23205d35025f9df777df73aee1d5a74e4dce9fc645937b2be6269fee0e43fd44b32478722de6d6abf5a96193eb39d65eba9787568c1511bb63c1c7e7ed109322a19735e8543d79a8b2c73cbf583681681b8b5dfef2cb002749d7cd1c0cb2e61418aae2c3ee31ca7d636ed98d98a4c68911e01dd9cc002bd622ade3e9171fa8db110850e3afa4250228a2ba6eebdff007cc21165555bd3fdfbf6217751db2dabe3fd8802cdb34b052d35eb1ac585326400f982fca3a60d5f2592fc2d95a34d17dfdfac39f5374c5fc5ccd135b582989cb60001040636fbcc013c0e787ee0c2b43ec735f0cb28cdaa0abbeeab0ec1e5207ea0fea0ae2d655d169874108f11dbf2d02bc151ce4e1a2e3f8104495a401e45319847068152da75825c5eb15d6587fcba639a06f1dfe63ef11841e0d12c46896eaff9fcc08c358537adc7ba9dab93e7de0a6d4fe5f5e3cc708167707f4b8e381549d89a8d9001ab8b15d1ac7ea3369445ec4a7ce20c04353a197e588c1eac5607de30b71cd47b27698279015a9e819def5068a04a98c2835674f681399ac53a8157e37089c779ef5242213459d12cfea2803a4cf7232450027c681d65f3d543ae20ed062ccb6a1ff2e98388a70f1312cbdbcc3a9bd1daf8fcf4fd4e705c0b74c06a58a3a17e6a61bc1bd33af9d610a77703f6a25408c53bdf2845eb002ce073e57e91cdaa232b6555024642396e5dd102b9ba85b6e539a1f8d44b20fc77cdfa2c4da2e229ded4c79d6c0c4413556ea4abc8d5d97a479b99e487a7edcbd66cf18bf4f137ff00b372f1f4a28ca2898eb08a36197accb1c06cc459364d59f3e54184cf7ae867aca438c147d8d0475f1439aceac57b7bcb25ee3c8aab6af4be81c64969758863fa48bd7703314b31287b00fb6ea00a02b235bd331053e4bd235f6892fb290228a9cc72c7fe8e4c1b84be91af7a64b7980b45a31fcc0ee5ae68dacad2c5e857e6733790aade7d310c0445c00cefa156c4f87e3a2b2e7d0c75e22390a22794db9e635005c510cde151b5545eb19a22ccb97ff6a8c4bccbc459cb1175944385c4d44a0b6216a043c0588c3616f45c706a39c0002fad71cc1b6891b35fba5d464d59571c074228a8df99840800a215c11fa0ff00e81a83de0b33d07ea546c39cdfee1721686c8ea60a687759db6fab302b1b1a7e7a97762b4152b575978b8735ca12b32f22cce7e8ff00f02435b891a1bb575baff77010ad618c4561774f465f8ef2ea0a837dcc666ae1a487482a713495798e08c5ff00f01bc42166135c76ed1f0953bbd20cc217a3a3532c86461ef0c19819a558ea2d4570d46c57d5ff00deb4bb80eaa001de53a17d796e224508f39b7f7ed1706d28f9eb2f61c47773e8bcd439847e8bff00dc2e224745e200711d4632fd4c92298d53ef11514ce78aa88f1875e23433a489572f336fa185d4b87fee35370721184d05670fe18c8a0a16fdb8fea0f8e455bb43da74961048e7c3f72d44bc476df58d8b834ef11e2e623f43ff00720a4590a1ed1bf3505026609ff8210ea3d663072151eeb8fcc44806ac9a074815a224bbb8ac6223330ffb045f8126d35b9c5ee514f446acc9c534bd706ee642279ac56e5df8bbbbd43545fa40ab05d59adf582b460d9d35b06bdba732821008445cb655faeb5925ee83b804748d0fb87fc51c5cb747e8b5551d402c8d880ee50bb78f9eb05b6d12eb00f499220e22b066d16ffe4849db728f8b8715755886e3c72956b45d5405bbe5d658b740cb6c1598751b3baa3076d45102b8d56dd6b56eb536fba41d744a8e4962dd0743a13fffd9),
(2, 33, '2022-08-16 08:52:38', 0xffd8ffe000104a46494600010101006000600000ffdb0043000302020302020303030304030304050805050404050a070706080c0a0c0c0b0a0b0b0d0e12100d0e110e0b0b1016101113141515150c0f171816141812141514ffdb00430103040405040509050509140d0b0d1414141414141414141414141414141414141414141414141414141414141414141414141414141414141414141414141414ffc000110800a500a503012200021101031101ffc4001f0000010501010101010100000000000000000102030405060708090a0bffc400b5100002010303020403050504040000017d01020300041105122131410613516107227114328191a1082342b1c11552d1f02433627282090a161718191a25262728292a3435363738393a434445464748494a535455565758595a636465666768696a737475767778797a838485868788898a92939495969798999aa2a3a4a5a6a7a8a9aab2b3b4b5b6b7b8b9bac2c3c4c5c6c7c8c9cad2d3d4d5d6d7d8d9dae1e2e3e4e5e6e7e8e9eaf1f2f3f4f5f6f7f8f9faffc4001f0100030101010101010101010000000000000102030405060708090a0bffc400b51100020102040403040705040400010277000102031104052131061241510761711322328108144291a1b1c109233352f0156272d10a162434e125f11718191a262728292a35363738393a434445464748494a535455565758595a636465666768696a737475767778797a82838485868788898a92939495969798999aa2a3a4a5a6a7a8a9aab2b3b4b5b6b7b8b9bac2c3c4c5c6c7c8c9cad2d3d4d5d6d7d8d9dae2e3e4e5e6e7e8e9eaf2f3f4f5f6f7f8f9faffda000c03010002110311003f00fcde8eacc75517ef54a95ed9cf22e276a996a9a3d598e4a689275fbc6ac4336d38a863ed526da66122da4f5324f5429e8f4cce46bc3758e2afc375d2b121ed5a36a99c56f13366cdbdd735a9677526ee3a562dbc7cd69415b44e7b5ce96c3542ac01ea38aeab47d7b6b28f4e2bcea19b071e95a1677526ec0e95a5ecce69d3b9ee7a1788b1b7e82bbfd0f5cfb4151ed5f3ef87ee9b2be64b818e95e91a0eb4136283900000d77d395d1e554a3a9edd62db829f519ad15b47b8993cbeb5c4f866ee5ba65d83621032deb5ea9e1d58a1883347e62e3eff00bd5c8ce3d8d3f0de9b346eaf2cb80bdabd0b4dbc78e1d911c96ef5c525e0586529d571bb73853cfa0ef5d5f84418d77ce32c790a7f9d73e9d4e8a6eccde4d1e69916499994b00404f4a2b6edef62b55c4cadb9806076f5047068ae37cd7d0ebe53f9e45a917ef1a869cb5e69f5122ca54c95592acc7d053449652adc7f7455686ae4295462cb31a7ca3e953fd8b773ebcd24157e1ed5b2d8c19523b7dad8ad1b71800512fdd15146ff0035522246946fd2acc32f9c76fa71552cede4b86c0e9dab6ed6d63b7c6efbddead1931f67659c1ad8b58c2e027de1c1a8a050c011d2b4f4fb57bd93647d4715465276458b4f37ce4dc77b765af44f0969f3cd22c928c01dab37c33e129ee15d8459f2a132be64087683838f5e5ba5771a5c315b465c9442bf37cc304fb1aeca2714fde3b8f0e98ade107be2ba6b5f100e218faf4af31b3d4a6d52ea3b4b18d8dcdc32a471c7fde6381fa935daf86edcd83acb70a4dc918113755aeee879ce9dd9e97e19fddb2bdc8cc8c0145f6ec6bbcd3ef8f1ce64eff4af36b0ba4b70dbc79cee1496fee1ee2b5ffb585bf20e476ae292bb3a20f9743d09b500bd3a1e9457975c78a19a421577153c9fe5454f29af31f8ceb40fbc7eb51a76a96bc35b1f5b2278fb55886aa46f566393a5523365f87ad5b86b3a192acc527cd5713391af0bd5c87ad655bfdead7b34e45688ca45db7b7fb4362aea6971c3c9eb51c336de3d2ad990ed1e67ddc71568cd966dc00a00e98ad0b74f9b35956f2099b68e83815d2e8d6592a7dab44ae6337645bd2f4b96e5be7fb87a7d2bd0b41d134d8f4d99a73335ea98d60454568cae7e7f309e4718c62b3b43d38dc4890c2621842e5a6904232aa588cb7cb9e38c727e5af41f877e163e2cf17e8da1a465bedd72b0b646088f39978f640cdf856d651576725dc9d91ee3e2cf84e8df04fe18456f0f97accb79159090ae4edbb0f390dfeeb60ffdf55e4bf15bc172782fe216abe19b4925bb8ac64851256eaeaf124a33f8495f7adc68b6d7575a3b4abe59b594cf127f75f618c37e0af22ffc0abc37f688f0de99a55ed8eab670bb6a3aa4d712dd36e2de6ed11ac4597b2a231507d0b579587c5b73703d1c4e112829a3e7ed1748fecadb34e77dc30c2a9aeaece66888675cce79cff747a5565b56b56f35c96b86f9b04e4a8a6c8767ef36edde3ccdb1b838c311822bdae6b3b1e2a8df53abd2e6fb6c91c314b1f9b236dfde3841d32727f87dbd6ab6a7e2410e445f3337ca07f335c76a1ae0b45e71b13a6eeb93e95cfdc6bdc977fbe7819ae983b9cf383e876571aca87da0e48eb457236b7c4a64f5ef45749cbcd347e6f254b55e3a993b57c844fbfd4916ac46f505491d59322cc527cd57adbef55186adc2f4d126ac2fd2afc3374ac886adc2f5462cdb867abf6fe65c36074acbb287760faf35d259dbee451fde03f4ae889cd22de976e55b0464ff0077fad75762db428ce7031591a4afd8e58ae639515d5849f3aeedaca723af1c815616ea44398f197e3e51815d31d8e591d5d9de6de3d38afabbf637f0a88ef351f196a1166d6206c2ccff007a42034adf82945ff81b57cabf0f7c27a8f8bbc45a6e9363134b7d793ac11a9e46e271b8fb0c1cff00b39afd23d3b47d3be1ef87f4bd174e0bf61d3a358e361d669339695bdd9f27f1af3b1988e48f2f73af0b439a7cc776a1e43b49d85be691bfbabd8573bf14239b54f016aa2daccceacb1222449cac68e6424fb2e19bf1ad7d3ee3ced3d2491b86f99bfe9a31ed51f882461e19d68b4b14770b672eddff00763054e73ee7b578b45f2cd1ebd68de9b67c95790b43233363717e71d338ae6b54b9cbb0fef2ff002aeab546885c4424631c1bc6f665dc42e4eecfe19af33f146a00f990c4dbdf7105b18c8cf5c57d4f35d9f1ee3632750d43ed4cea3fd5464e7fdeac56bc92eae030e8a78a8eeaebc95f2fd6a18fb575c1d8866fc7aa15500f50314573735c796d8a2b4e630f6573e1d4a992ab254d1d7caa3ed752d2d3d7ef5409daa45fbd5d0b62645b8deacc725504eb5661aa449a36df7ab5ac7ef0acab7fbf1fcdbb81ebf956dd8ffacfbbb7fd9f4f6ab5b9848dad361cb035d3e9f6bd3e9593a6da796aaffde00f3d7f0aea34f873b4fb77eb5d3138e6ec2adbf35b1e1fd1fed37d0ef8bce84bfce9bb6e571d7f035a1a7f86aeae228aefc9905bb9651332958d8a8cb2eeee4065e2beb2f81bf02fc3b1780d356f1459b5d5eea32a4b65067615850fdf6f457e411dd715152aaa31bb32a70956972a35ff00649f8531f87ac65f16ddc223b896331d824c7202b70f293e84fca3d8357b6ea102c936f973e5a9fdda3753e86a7d16478ed5556354555002a2ed0831d00ec07a5457f219a6049c9fbb9af9da951d597333e8a1054e2a28dad2377d8e2f30bc230df311966e7f807f5a9bc55b7fe112d497ec8b711ac0ec21241724296dc7d973bbf0a34db6fb2dbc4bf3fcc80fc83dbd7b560fc5ad5ad743f00ea1f6999ed9ee17ca85239332cc72a5bf0c633ffd95147f888ceb7f0d9f2bf8caf3eccaeef8df92a36f4fc2bc975ad47c8dd23ffac6240aeb3c55ac7db2595c0518cfdd391f85791ebfa9f9d36df438afa9ea7cba57b976298bc8cc7a939356a49be51f4ac0b4bae17e952dc5f715aa7633e5d43509ff007d456635c6589f7a29f38f94f9137d7d0ff0bbf639f117c6ef866de2cf87be22d0fc47a85982ba87866591ed351b49016c001c1470c3251f72a9e78dc0a8f9d16bb0f863f14bc51f06fc6169e27f09ead2e95aa40366e4f99264272639633f2bc67a153ce7915f38afd0fac3ebcb7ff8269dff0089acfc3fa8f867c58c74cbec5beb16baf696d06a1a0ce2225965851984803e2360082a1d1fe68c990705e3ff00f827ff00c56f01eab3dbc7e1a9bc496b1279aba9682ad75048a491c280240c00e53cbcf7191cd7d91fb3a7fc1463c05f15bc8d37c66b6fe08f194b1a45bee64db617a72c008ee1bfd5b1fee4c147cd8566afae1b56f394028cdbfe6675e437a30faf5dd597b6945d98a51e63f032fbc137f6123c73c52413231578a65c3a30382ac3b107ad670b09ed588922c81c57ed5fc4efd9efe1efc54b9bfd4b55d1decf5ebd8c21d5ad247ce40f964640c11b1dce096db8ed5f1dfc47fd8b75df06e9ada9cd15bdde95e66c3716ae1fcbe7e52ca7a67b1f7af4a8ce9d4d2f638aa73d1d5ab9f17d8e9cf72abe5090123a56fda6913db85797a11b79afbdbc3bfb21fc35f86bf0c74ef19fc51d6f51b38ef4db810d87cab099dd5210fb51999b732e58f0a78abbf12bf60db3b8d2e6bff879aa4ba8bc6bbffb3352da92b0ff00624c019ff65d57d9874a3db508cf913b8dc6aca0a76b1f1469d34ba93c2b7b79712f9312c2864767db1a8c2a0cf014000015da78774d170ca00c0c74159faaf82753f05f880e9faf69977a25d0242c1791189ce0e32372fce3dd7835e87e03d06ef5dd52c74dd3ed9eff0050bb611c56f02e4c87d08fe100726bbe2f4e6e88f366f99f2f53d37e09fc397f1a6b10da5d4ad1f87f4e5fb7ea38390101c617fdb7c05fa7fbb5f4ddade36b1a84b3f94aab80a914630b1463eea8f60303f0ae734ef0eda7c3bf0ac5e18b3963b8badc2e352be8ce7cfb81c2853dd53ee8f615bfa0c255114f5639af9dc557f6d3b4763dbc2e1dd185e5b9de68f6dba0909eeb9ef51dac120beb7c6cc73d54b7f3ad8b08469ba4876fbefc2d476b6f2c9333ff0074d7223b245fb7b7499b6cb73b7d83631f876af9ff00f696f88925ae7c23169ef688845d3dc5c15613a80db0a63e5d99dc4e7e6cf5e6bdf44e2de4dd2c8aabcee3201800827764f43c6057e7e7c54f1f47e25f13eadac666115d4ecf1477739778d4924293d0000e001c715e960e1cd36fb1e6e327cb04bb9c678b35adaaeb927712727ad79fccdb9d9bd4e6975ad67ed337ae4d524b8af6deaee788a3a58b466c28154eeaf719151dd5d75acd964c92682944d18eef2b4566ac9c51415ca7cc89daa65aac8f53a578513e84b15ec3f077f6aef8a1f03de087c33e269df498486fec6d487daec4fa858df708cfa988a31ee4578da3d48bd6ab4ea07e9c7c2dff0082aa78675a8e0b2f887e0db9d06edb689351f0e37da6d9ce39636f23091467b2b4b8e9ef5f52f827f683f83df142cda2f0e78eb45d56e2e2360da2ddcab6b73700f58cc3390c370c0ce0f5e2bf09d1eacc7374a7ec14b6761f372f4b9fbfba5f847c4969a6bc725e59346ecbe44637ba5bc2070a1b1c91c0cf7aa97936a9e1d987daceedc79917eefd2bf13bc0ff001ebc7df0e5628fc3fe2ed63488971b62b3bf9162c0e80c792bff008e9af74f0d7fc1423e2fdac42deef5bb3d76161ca6a9a746ff00f8f46b1b7e67358bc2bd93b8dd64b7563f5293c490ea56be4ceb14d191cc722875fc8d64369da458ddc977a769963a75dc89b1ee2d2d6389d87a1655e457ceff00007f68cb3f8c7a5986748b4df13db479bbd3d49d92affcf684127318eea49da78248c57b32eb18e3a571b8ca9be566b17196a894f86049701bb31cf4aeb7c33e1db5b5904b236e917a27ad72b0ea59e7d6b5f4dd4a4dc31d2a4bd4ebaea496f2e3cb45c460e0a7a55b8202b88d0e5579f97a7be6aae9ba834d0a2ee04f3c9246d3d813d857827c68f12f8cb55d626f0a258bd95b5d6d31d95aaf9c6e8ab16dc8eaa1c86c2f009c6de4d6f4a8bacec9d8e5c45654526d5cccfda3ff0068485edaff00c23a17d9e7b4632da6a73cd6ce1d1d6400a46c58038231900d7c65e25d73cc5641d14e38afb47c23fb1ccbaddb2dd78c753b8d3d1c129a7e9ec865527bcb21c807d803f51d2be7cfda23f657f13fc37d5b53d4348d3b50d73c1f6f0adc2ea842bbc40fde5911392148cb3796a08c1e3a57b9467469af669dd9e44e9d4a9fbc92b23e7c96ef2c4fbd0b75f28acd9a60bf28e83818aab25d5746bbb33b7434ee2ebad42b2679acb375cd396ea80e53544f8cd159e2e334501ca7ce695323d5647a9924af9b5b9eeb2ca4953275aacb532bd754492ca3d48b27355964f9aa54ad622659492b4b4ebac362b1d7bd58866dbc56c9d8ce4ae7a6f83fc4d79a0ea765a869f732d86a16ae1e1ba8df698d87461e831c11debeeaf83ffb52681e36b7874ff134b0787fc418005d4c365a5d123ae4ff00ab63d70df2f3c1fe01f9c7a6ea1b703d38aeab4cd636e055ce9c6b2b339f9dd27747eb446b70a8b22219118655a339520f420f7155b49f1c11e209b4a8e12c6140cee5f6b13bb90a3be3bd7e777c3df8d1e23f87b7024d235abcb5b71cbd9accde4367b94cb2e7dc8aeca6fda3f5bbad526d4658f4e96e65916449648436d75e15f0000580e38af35e0ea735a27a547154795fb43f4c343d52372ac7a919aeaedefc2c2d24451d87dd53fad7c9bfb1c7c4af1bfc6af156af7dad5e5baf86f45855a786dece2479a690308a3276ee18dacff828fe2afb04e976f710ac68a2275c95f2ce7f5ae7a94dd2972911973edb156dbc4514c70ebe549d8f4a96f6d1b53b3b989dd5a1b889a2938cee4618603d0fbd67c3a3cbb8e58e7fbfd8fb1addb589a1b7f2a4000c7f054276d4bb5f43f2b7f6c4f80fa07c13f1a69367e1cbe965d3efad4cad6576de635ac8ad820bff0075970c01ecad9f9715f365c4fc9ebd7bf06bf587f6ecb585bf679d549d2935444bab602e1dc2369e4ca8be763ef1ce7caf93fe7af35f93da92eec9c62bdda32e6826797563cb3b10a4f5324f590b36d623d38a9527adaf631b5cd859e8acc59e8a5cc3e53c396a647a829cb5e0c4f5cb69254c9255347a9924ade2265c492a4593e6aaa9254c92568892ca549e6556a76fad13b0997a19bc9c356a5aea5d2b0e393a548b2735ac6445ae75b6bac6302b463d73a570c9354c975276e95aa918b86a7ac782fe31789be1cdf4d7be18f10df683733a79729b0b868c4ca3a0741c3e3dfa57d31e03ff0082a1f8e3c3da6e8361ace8ba3ebad62d04571a94ad24773770295dc5b2fb16564c832e31962769ce6be13fb59efd69c971de94a2aa68c6af1d8fd66d33fe0a7bf0d751d634eb6fec3f125869f7209bbbcbe822ff0044386dbb638a47793e6c6785ff00817ddadcd53fe0a39f0c2cf5936505aeb3ad68ab0074d56d2d821f309e6330cec8766dc65b039fe1ef5f9110de490f23a56941ae4b8152a8535b8dca67d4bf1e3f696d7be2a6a5ac5a5b6abaadb7836e6ebcfb3d12ea6002a2edda24209c9caefda4955cfca484af9f755b9dcced9dd924e718cd6236b8768cf5aab36a1bb2debcd6db2b239f9657bb2c4926734b1cd59de7eee69cb35497cba1a8b3d154567a281729e55451457847a2491d48afcd57a72b62ae205b8ea647aa69254c9256a9d84cb4b27352a4955164e6a60fc56b195c92cac9cd3d64e6aaac9537995ac44cb292549e6555492a4f32b44ec4ea591d053f7d561253c4956a570d4b092549e65561d053f7d51322c8938a7892a9f994ff0032820b824a7892a9799520938a00b81f8a2ab0928a00e068a28af10eb0a28a2801cad53231a28a6809371a96363c51456d4f7131eac726a64634515b9248ac7753f75145084c70634f0c68a2b588878734fde68a2b588120638145145580f0dc0a7eea28a003751451401fffd9);

-- --------------------------------------------------------

--
-- Estructura de tabla para la tabla `moviles`
--
-- Creación: 03-08-2022 a las 22:09:05
--

CREATE TABLE `moviles` (
  `movil_id` int(11) NOT NULL,
  `nro_serie` int(11) NOT NULL,
  `tipo_movil` varchar(50) NOT NULL,
  `estado` varchar(50) NOT NULL,
  `posesion` tinyint(1) NOT NULL
) ENGINE=InnoDB DEFAULT CHARSET=utf8mb4;

--
-- Volcado de datos para la tabla `moviles`
--

INSERT INTO `moviles` (`movil_id`, `nro_serie`, `tipo_movil`, `estado`, `posesion`) VALUES
(1, 17494, 'auto', 'bien', 1),
(2, 17400, 'camioneta', 'bien', 0),
(3, 17520, 'auto', 'radiado', 0),
(4, 17333, 'auto', 'radiado', 0);

-- --------------------------------------------------------

--
-- Estructura de tabla para la tabla `policias`
--
-- Creación: 02-07-2022 a las 14:36:18
-- Última actualización: 11-09-2022 a las 06:06:44
--

CREATE TABLE `policias` (
  `policia_id` int(11) NOT NULL,
  `nombre` varchar(50) NOT NULL,
  `apellido` varchar(50) NOT NULL,
  `legajo` int(10) NOT NULL,
  `nivel_usuario` varchar(10) NOT NULL,
  `estado` varchar(10) NOT NULL
) ENGINE=InnoDB DEFAULT CHARSET=utf8mb4;

--
-- Volcado de datos para la tabla `policias`
--

INSERT INTO `policias` (`policia_id`, `nombre`, `apellido`, `legajo`, `nivel_usuario`, `estado`) VALUES
(33, 'aaa', 'bbb', 111, 'noadmin', 'aceptado'),
(34, 'ccc', 'ddd', 222, 'noadmin', 'rechazado'),
(35, 'eee', 'fff', 333, 'admin', 'aceptado'),
(38, 'Joaquín Leonel', 'Roba', 498257, 'noadmin', 'rechazado'),
(40, 'juan carlos', 'Roba', 498257, 'noadmin', 'aceptado'),
(44, 'sofia ', 'Perez', 471122, 'noadmin', 'aceptado');

-- --------------------------------------------------------

--
-- Estructura de tabla para la tabla `presentismo`
--
-- Creación: 15-08-2022 a las 03:13:18
--

CREATE TABLE `presentismo` (
  `presente_id` int(11) NOT NULL,
  `policia_id` int(11) NOT NULL,
  `movil_id` int(11) DEFAULT NULL,
  `funcion` varchar(50) NOT NULL,
  `fecha` datetime NOT NULL,
  `estado_movil` varchar(50) NOT NULL
) ENGINE=InnoDB DEFAULT CHARSET=utf8mb4;

--
-- Volcado de datos para la tabla `presentismo`
--

INSERT INTO `presentismo` (`presente_id`, `policia_id`, `movil_id`, `funcion`, `fecha`, `estado_movil`) VALUES
(9, 33, 2, 'movil', '2022-08-14 23:14:54', 'bueno'),
(10, 33, 2, 'movil', '2022-08-14 23:34:51', 'bueno'),
(11, 33, 2, 'movil', '2022-08-14 23:53:09', 'bueno'),
(12, 33, 2, '', '2022-08-14 23:59:40', 'bueno'),
(14, 33, 4, 'movil', '2022-08-15 00:00:55', 'bueno'),
(15, 33, 4, 'movil', '2022-08-15 00:01:22', 'bueno'),
(16, 33, 4, 'movil', '2022-08-15 00:03:17', 'bueno'),
(17, 33, 4, 'movil', '2022-08-15 00:03:58', 'bueno'),
(18, 33, 4, 'movil', '2022-08-15 00:04:11', 'bueno'),
(19, 33, 3, 'movil', '2022-08-15 00:06:47', 'bueno'),
(20, 33, 4, 'movil', '2022-08-15 00:06:50', 'bueno'),
(21, 33, 2, 'movil', '2022-08-15 00:06:52', 'bueno'),
(24, 33, NULL, 'movil', '2022-08-15 00:13:36', 'bueno'),
(25, 33, 3, 'movil', '2022-08-15 00:14:04', 'bueno'),
(29, 33, NULL, 'movil', '2022-08-15 00:15:15', 'bueno'),
(30, 33, NULL, 'movil', '2022-08-15 00:17:18', 'bueno'),
(31, 33, NULL, 'movil', '2022-08-15 00:17:47', 'bueno'),
(32, 33, NULL, 'movil', '2022-08-15 00:19:28', 'bueno'),
(33, 33, NULL, 'caminante', '2022-08-15 00:19:45', 'bueno'),
(34, 33, 4, 'movil', '2022-08-15 00:19:49', 'bueno'),
(35, 33, NULL, 'caminante', '2022-08-15 00:21:28', 'bueno'),
(36, 33, 2, 'caminante', '2022-08-15 00:30:22', 'bueno'),
(37, 33, 3, 'caminante', '2022-08-15 00:30:42', 'bueno'),
(38, 33, 2, 'movil', '2022-08-15 00:31:17', 'bueno'),
(39, 33, NULL, 'caminante', '2022-08-15 00:31:57', 'bueno'),
(40, 33, 4, 'movil', '2022-08-15 00:32:10', 'bueno'),
(41, 33, 2, 'movil', '2022-08-15 00:32:27', 'bueno'),
(42, 33, 2, '', '2022-08-15 00:34:39', 'bueno'),
(43, 33, 2, 'caminante', '2022-08-15 00:35:52', 'bueno'),
(44, 33, 3, 'acompañante', '2022-08-15 00:36:37', 'bueno'),
(45, 33, 4, 'acompañante', '2022-08-15 00:37:25', 'bueno'),
(46, 33, NULL, 'caminante', '2022-08-15 00:37:51', 'bueno'),
(47, 33, 3, 'acompañante', '2022-08-15 00:38:52', 'bueno'),
(48, 33, 2, 'chofer', '2022-08-15 00:39:05', 'bueno'),
(49, 33, NULL, 'caminante', '2022-08-15 00:39:15', 'bueno'),
(55, 33, 3, 'acompañante', '2022-08-16 08:44:45', 'bueno'),
(56, 33, 3, 'acompañante', '2022-08-16 08:45:52', 'bueno');

-- --------------------------------------------------------

--
-- Estructura de tabla para la tabla `vacaciones`
--
-- Creación: 11-09-2022 a las 03:16:49
-- Última actualización: 11-09-2022 a las 03:17:54
--

CREATE TABLE `vacaciones` (
  `vacaciones_id` int(11) NOT NULL,
  `policia_id` int(11) NOT NULL,
  `fecha_inicio` date NOT NULL,
  `fecha_fin` date NOT NULL,
  `estado` varchar(15) NOT NULL
) ENGINE=InnoDB DEFAULT CHARSET=utf8mb4;

--
-- Volcado de datos para la tabla `vacaciones`
--

INSERT INTO `vacaciones` (`vacaciones_id`, `policia_id`, `fecha_inicio`, `fecha_fin`, `estado`) VALUES
(1, 33, '2022-09-11', '2022-09-19', 'espera'),
(2, 33, '2022-09-11', '2022-09-19', 'espera'),
(3, 33, '2022-09-18', '2022-09-25', 'espera');

--
-- Índices para tablas volcadas
--

--
-- Indices de la tabla `enfermedad`
--
ALTER TABLE `enfermedad`
  ADD PRIMARY KEY (`enfermedad_id`),
  ADD KEY `fk_policias_enfermedad` (`policia_id`);

--
-- Indices de la tabla `moviles`
--
ALTER TABLE `moviles`
  ADD PRIMARY KEY (`movil_id`);

--
-- Indices de la tabla `policias`
--
ALTER TABLE `policias`
  ADD PRIMARY KEY (`policia_id`);

--
-- Indices de la tabla `presentismo`
--
ALTER TABLE `presentismo`
  ADD PRIMARY KEY (`presente_id`),
  ADD KEY `fk_policias_presentismo` (`policia_id`),
  ADD KEY `fk_moviles_presentismo` (`movil_id`);

--
-- Indices de la tabla `vacaciones`
--
ALTER TABLE `vacaciones`
  ADD PRIMARY KEY (`vacaciones_id`),
  ADD KEY `fk_policias_vacaciones` (`policia_id`);

--
-- AUTO_INCREMENT de las tablas volcadas
--

--
-- AUTO_INCREMENT de la tabla `enfermedad`
--
ALTER TABLE `enfermedad`
  MODIFY `enfermedad_id` int(11) NOT NULL AUTO_INCREMENT, AUTO_INCREMENT=3;

--
-- AUTO_INCREMENT de la tabla `moviles`
--
ALTER TABLE `moviles`
  MODIFY `movil_id` int(11) NOT NULL AUTO_INCREMENT, AUTO_INCREMENT=5;

--
-- AUTO_INCREMENT de la tabla `policias`
--
ALTER TABLE `policias`
  MODIFY `policia_id` int(11) NOT NULL AUTO_INCREMENT, AUTO_INCREMENT=45;

--
-- AUTO_INCREMENT de la tabla `presentismo`
--
ALTER TABLE `presentismo`
  MODIFY `presente_id` int(11) NOT NULL AUTO_INCREMENT, AUTO_INCREMENT=57;

--
-- AUTO_INCREMENT de la tabla `vacaciones`
--
ALTER TABLE `vacaciones`
  MODIFY `vacaciones_id` int(11) NOT NULL AUTO_INCREMENT, AUTO_INCREMENT=4;

--
-- Restricciones para tablas volcadas
--

--
-- Filtros para la tabla `enfermedad`
--
ALTER TABLE `enfermedad`
  ADD CONSTRAINT `fk_policias_enfermedad` FOREIGN KEY (`policia_id`) REFERENCES `policias` (`policia_id`);

--
-- Filtros para la tabla `presentismo`
--
ALTER TABLE `presentismo`
  ADD CONSTRAINT `fk_moviles_presentismo` FOREIGN KEY (`movil_id`) REFERENCES `moviles` (`movil_id`),
  ADD CONSTRAINT `fk_policias_presentismo` FOREIGN KEY (`policia_id`) REFERENCES `policias` (`policia_id`);

--
-- Filtros para la tabla `vacaciones`
--
ALTER TABLE `vacaciones`
  ADD CONSTRAINT `fk_policias_vacaciones` FOREIGN KEY (`policia_id`) REFERENCES `policias` (`policia_id`);
COMMIT;

/*!40101 SET CHARACTER_SET_CLIENT=@OLD_CHARACTER_SET_CLIENT */;
/*!40101 SET CHARACTER_SET_RESULTS=@OLD_CHARACTER_SET_RESULTS */;
/*!40101 SET COLLATION_CONNECTION=@OLD_COLLATION_CONNECTION */;
